age,workclass,fnlwgt,education,educational-num,marital-status,occupation,relationship,race,gender,capital-gain,capital-loss,hours-per-week,native-country,income
19,Private,143159,10th,6,Married-civ-spouse,Transport-moving,Husband,White,Female,0.0,0,30,United-States,<=50K
28,Private,164564,HS-grad,3,Divorced,Other-service,Own-child,White,Female,0.0,0,35,United-States,<=50K
30,Private,191806,HS-grad,10,Never-married,Handlers-cleaners,Own-child,White,Male,12443.0,0,40,United-States,>50K
43,Local-gov,385173,HS-grad,16,Never-married,Protective-serv,Husband,White,Male,6477.0,0,41,United-States,>50K
53,Private,132680,9th,10,Divorced,Adm-clerical,Other-relative,White,Female,0.0,0,40,United-States,<=50K
40,Private,145734,HS-grad,3,Married-civ-spouse,Adm-clerical,Own-child,White,Female,0.0,0,30,United-States,<=50K
23,Private,190372,9th,8,Married-civ-spouse,Protective-serv,Husband,White,Female,6676.0,0,60,United-States,<=50K
59,State-gov,196182,12th,13,Married-civ-spouse,Protective-serv,Husband,White,Male,265.0,0,60,United-States,<=50K
32,Private,19903,HS-grad,7,Never-married,Other-service,Own-child,White,Female,0.0,0,40,United-States,<=50K
47,Private,189955,HS-grad,16,Never-married,Adm-clerical,Wife,White,Female,1259.0,0,32,United-States,<=50K
43,Private,256182,HS-grad,8,Never-married,Transport-moving,Other-relative,White,Male,5171.0,0,40,United-States,<=50K
68,Local-gov,110043,11th,10,Married-civ-spouse,Protective-serv,Husband,White,Male,0.0,0,40,United-States,>50K
29,Private,426294,Assoc-acdm,11,Never-married,Other-service,Own-child,White,Female,0.0,0,40,United-States,<=50K
32,Private,385461,Assoc-acdm,12,Never-married,Farming-fishing,Own-child,White,Male,1235.0,0,40,United-States,<=50K
26,Private,204742,10th,10,Never-married,Handlers-cleaners,Own-child,White,Female,7142.0,0,60,United-States,>50K
23,Private,140009,Assoc-voc,11,Married-civ-spouse,Farming-fishing,Husband,White,Male,13635.0,0,60,United-States,>50K
21,Private,170045,HS-grad,10,Never-married,Transport-moving,Other-relative,White,Male,4931.0,0,40,United-States,<=50K
21,Private,169226,9th,11,Married-civ-spouse,Transport-moving,Husband,White,Male,1975.0,0,40,United-States,<=50K
43,State-gov,165578,11th,8,Divorced,Tech-support,Own-child,White,Male,6815.0,0,40,United-States,<=50K
33,Private,157527,HS-grad,10,Married-civ-spouse,Machine-op-inspct,Husband,White,Female,12712.0,0,40,United-States,<=50K
33,Private,178822,Doctorate,11,Never-married,Other-service,Own-child,White,Male,318.0,0,20,United-States,<=50K
43,Private,358268,Assoc-acdm,9,Widowed,Adm-clerical,Husband,White,Female,0.0,0,60,United-States,<=50K
24,Private,240899,11th,11,Married-civ-spouse,Other-service,Husband,White,Male,15875.0,0,55,United-States,>50K
26,Private,572180,HS-grad,7,Married-civ-spouse,Farming-fishing,Husband,White,Male,2145.0,0,40,United-States,>50K
54,Private,207690,HS-grad,11,Divorced,Adm-clerical,Own-child,White,Male,0.0,0,40,United-States,<=50K
27,Private,86070,HS-grad,10,Never-married,Farming-fishing,Own-child,White,Male,316.0,0,40,United-States,<=50K
31,Private,136325,HS-grad,11,Divorced,Adm-clerical,Other-relative,White,Female,14532.0,0,40,United-States,<=50K
37,Private,260985,HS-grad,14,Never-married,Other-service,Own-child,White,Female,0.0,0,40,United-States,>50K
23,Private,115590,7th-8th,9,Never-married,Adm-clerical,Own-child,White,Male,0.0,0,20,United-States,<=50K
48,Local-gov,507659,11th,15,Married-civ-spouse,Machine-op-inspct,Husband,White,Male,5044.0,0,55,United-States,>50K
52,Private,224996,HS-grad,7,Married-civ-spouse,Adm-clerical,Husband,White,Female,18202.0,0,40,United-States,<=50K
36,State-gov,144506,HS-grad,11,Never-married,Adm-clerical,Other-relative,White,Female,0.0,0,40,United-States,<=50K
46,Private,191223,5th-6th,11,Never-married,Adm-clerical,Wife,White,Male,0.0,0,60,United-States,>50K
43,Self-emp-inc,140097,10th,10,Married-civ-spouse,Adm-clerical,Husband,White,Male,0.0,0,40,United-States,>50K
39,Private,186684,Assoc-voc,12,Married-civ-spouse,Handlers-cleaners,Husband,White,Male,710.0,0,30,United-States,<=50K
78,Private,179853,11th,11,Married-civ-spouse,Farming-fishing,Husband,White,Male,4660.0,0,40,United-States,<=50K
42,State-gov,316441,11th,8,Married-civ-spouse,Machine-op-inspct,Husband,Black,Male,0.0,0,40,United-States,>50K
38,Private,158509,Assoc-voc,7,Married-civ-spouse,Machine-op-inspct,Husband,White,Male,3716.0,0,40,United-States,<=50K
40,Private,166011,HS-grad,10,Married-civ-spouse,Farming-fishing,Husband,White,Male,1634.0,0,40,United-States,<=50K
22,Private,299762,Assoc-acdm,16,Never-married,Adm-clerical,Other-relative,Asian-Pac-Islander,Female,0.0,0,40,United-States,<=50K
30,Private,59596,Assoc-voc,9,Never-married,Other-service,Own-child,White,Male,9030.0,0,38,United-States,<=50K
46,Local-gov,47699,Prof-school,12,Never-married,Machine-op-inspct,Wife,White,Female,16999.0,0,40,United-States,<=50K
41,Private,347724,HS-grad,8,Never-married,Adm-clerical,Wife,White,Female,10779.0,0,35,United-States,<=50K
33,State-gov,246604,HS-grad,10,Married-civ-spouse,Protective-serv,Husband,White,Male,0.0,0,40,United-States,>50K
56,Private,164924,Doctorate,14,Married-civ-spouse,Transport-moving,Husband,White,Male,20654.0,0,40,United-States,>50K
45,Private,201628,HS-grad,8,Never-married,Other-service,Own-child,White,Male,0.0,0,40,United-States,<=50K
36,Private,94163,HS-grad,12,Married-civ-spouse,Farming-fishing,Husband,White,Male,12539.0,0,30,United-States,<=50K
32,Private,341490,HS-grad,10,Married-civ-spouse,Farming-fishing,Husband,White,Male,12069.0,0,40,United-States,>50K
32,Self-emp-inc,143997,HS-grad,10,Never-married,Transport-moving,Husband,White,Female,12939.0,0,60,United-States,<=50K
25,Local-gov,211573,HS-grad,10,Never-married,Adm-clerical,Husband,White,Male,0.0,0,35,United-States,<=50K
23,Private,153995,9th,12,Never-married,Other-service,Own-child,White,Female,6185.0,0,39,United-States,>50K
30,State-gov,111482,Assoc-acdm,11,Never-married,Other-service,Own-child,White,Male,0.0,0,36,United-States,<=50K
34,Private,252850,10th,10,Never-married,Other-service,Wife,White,Male,7357.0,0,30,United-States,<=50K
36,Private,130485,10th,7,Never-married,Adm-clerical,Own-child,White,Female,1174.0,0,40,United-States,<=50K
49,Private,172098,9th,10,Divorced,Transport-moving,Husband,White,Male,2865.0,0,84,United-States,<=50K
24,Private,328742,12th,11,Divorced,Machine-op-inspct,Wife,White,Female,11253.0,0,30,United-States,<=50K
21,Private,1461335,10th,9,Married-civ-spouse,Transport-moving,Husband,White,Male,0.0,0,40,United-States,>50K
39,Private,129754,HS-grad,10,Never-married,Adm-clerical,Wife,White,Female,10877.0,0,40,United-States,<=50K
66,Self-emp-inc,130820,HS-grad,13,Married-civ-spouse,Tech-support,Husband,White,Female,0.0,0,20,United-States,<=50K
50,Private,88856,Assoc-acdm,16,Married-civ-spouse,Handlers-cleaners,Husband,White,Male,3606.0,0,40,United-States,>50K
47,Private,187894,HS-grad,9,Married-civ-spouse,Transport-moving,Husband,White,Male,4372.0,0,40,United-States,<=50K
49,Self-emp-inc,36099,HS-grad,9,Married-civ-spouse,Handlers-cleaners,Husband,White,Female,0.0,0,60,United-States,<=50K
39,Private,252675,HS-grad,13,Divorced,Machine-op-inspct,Own-child,White,Female,0.0,0,55,United-States,<=50K
21,Private,227841,HS-grad,8,Never-married,Other-service,Own-child,White,Male,1406.0,0,70,United-States,<=50K
60,Private,34346,Assoc-voc,11,Married-civ-spouse,Transport-moving,Husband,White,Male,9463.0,0,60,United-States,<=50K
38,Private,87262,Assoc-voc,10,Divorced,Transport-moving,Husband,White,Male,0.0,0,40,United-States,<=50K
49,Local-gov,212022,HS-grad,9,Married-civ-spouse,Machine-op-inspct,Husband,White,Male,0.0,0,40,United-States,<=50K
45,Private,72260,HS-grad,8,Married-civ-spouse,Other-service,Husband,White,Male,0.0,0,20,United-States,<=50K
36,State-gov,44412,Prof-school,14,Married-civ-spouse,Adm-clerical,Husband,White,Male,0.0,0,40,United-States,<=50K
52,Private,122240,HS-grad,16,Married-civ-spouse,Machine-op-inspct,Husband,White,Male,5383.0,0,41,United-States,>50K
35,Private,152246,Assoc-voc,11,Never-married,Other-service,Husband,White,Female,696.0,0,55,United-States,>50K
40,Private,185453,7th-8th,8,Married-civ-spouse,Machine-op-inspct,Husband,White,Male,11050.0,0,20,United-States,>50K
22,Private,145390,HS-grad,9,Never-married,Transport-moving,Husband,White,Male,0.0,0,40,United-States,<=50K
34,Private,197086,HS-grad,9,Married-civ-spouse,Machine-op-inspct,Husband,White,Male,10476.0,0,35,United-States,>50K
33,Private,77991,HS-grad,8,Married-civ-spouse,Transport-moving,Husband,White,Female,105.0,0,40,United-States,<=50K
46,Private,94079,Assoc-acdm,12,Never-married,Other-service,Own-child,White,Female,8607.0,0,44,United-States,<=50K
21,Private,149772,Assoc-voc,12,Married-civ-spouse,Adm-clerical,Own-child,White,Female,5614.0,0,30,United-States,<=50K
33,Private,145260,Assoc-acdm,10,Married-civ-spouse,Handlers-cleaners,Husband,White,Male,0.0,0,40,United-States,<=50K
63,Private,161584,HS-grad,7,Never-married,Other-service,Husband,White,Male,2717.0,0,40,United-States,<=50K
50,State-gov,185443,HS-grad,6,Married-civ-spouse,Handlers-cleaners,Husband,White,Male,0.0,0,40,United-States,<=50K
70,Local-gov,594856,HS-grad,10,Never-married,Handlers-cleaners,Unmarried,White,Male,0.0,0,40,United-States,<=50K
26,Local-gov,278536,10th,11,Married-civ-spouse,Tech-support,Wife,White,Male,0.0,0,40,United-States,<=50K
44,Self-emp-inc,258472,HS-grad,9,Married-civ-spouse,Machine-op-inspct,Husband,White,Male,4383.0,0,55,United-States,>50K
57,Private,109343,HS-grad,12,Married-civ-spouse,Machine-op-inspct,Husband,White,Male,0.0,0,40,United-States,<=50K
58,Private,197359,HS-grad,8,Married-civ-spouse,Farming-fishing,Husband,White,Male,3287.0,0,40,United-States,>50K
21,Private,169442,HS-grad,9,Never-married,Adm-clerical,Other-relative,White,Female,1857.0,0,40,United-States,<=50K
33,Private,97461,Assoc-acdm,12,Never-married,Farming-fishing,Other-relative,White,Male,5112.0,0,84,United-States,>50K
47,Private,199149,HS-grad,9,Never-married,Other-service,Not-in-family,White,Male,2717.0,0,40,United-States,<=50K
26,Private,66150,Assoc-voc,11,Married-civ-spouse,Other-service,Husband,White,Male,0.0,0,40,United-States,<=50K
38,Private,286185,HS-grad,9,Never-married,Handlers-cleaners,Husband,White,Male,0.0,0,40,United-States,<=50K
43,Private,37979,HS-grad,8,Never-married,Farming-fishing,Own-child,White,Male,0.0,0,40,United-States,<=50K
42,Private,53118,HS-grad,10,Divorced,Adm-clerical,Husband,White,Female,16457.0,0,40,United-States,<=50K
55,Private,137066,7th-8th,10,Married-civ-spouse,Handlers-cleaners,Husband,White,Male,1735.0,0,40,United-States,<=50K
67,State-gov,140091,HS-grad,9,Married-civ-spouse,Adm-clerical,Husband,White,Male,0.0,0,40,United-States,>50K
29,Private,167324,HS-grad,7,Never-married,Transport-moving,Wife,White,Male,0.0,0,35,United-States,>50K
37,Private,83729,Assoc-acdm,10,Married-civ-spouse,Adm-clerical,Husband,White,Male,0.0,0,40,United-States,>50K
49,Private,342985,10th,11,Married-civ-spouse,Other-service,Husband,White,Female,6273.0,0,40,United-States,>50K
53,Private,13769,HS-grad,14,Divorced,Transport-moving,Husband,White,Male,11771.0,0,40,United-States,>50K
20,Self-emp-inc,187966,Assoc-voc,10,Married-civ-spouse,Other-service,Husband,White,Male,10840.0,0,40,United-States,<=50K
41,Private,178119,Doctorate,15,Married-civ-spouse,Handlers-cleaners,Husband,White,Male,10146.0,0,40,United-States,>50K
49,Private,156581,HS-grad,9,Divorced,Handlers-cleaners,Husband,White,Male,0.0,0,40,United-States,<=50K
44,Private,202098,HS-grad,9,Married-civ-spouse,Protective-serv,Husband,White,Male,4161.0,0,40,United-States,<=50K
25,Private,176139,10th,9,Never-married,Other-service,Wife,White,Female,4542.0,0,40,United-States,<=50K
31,Private,620312,7th-8th,11,Never-married,Handlers-cleaners,Own-child,White,Female,0.0,0,40,United-States,<=50K
51,Private,50169,HS-grad,11,Never-married,Handlers-cleaners,Own-child,White,Male,1500.0,0,40,United-States,<=50K
19,Private,271591,11th,10,Never-married,Farming-fishing,Own-child,White,Female,0.0,0,35,United-States,<=50K
47,Private,219609,HS-grad,7,Married-civ-spouse,Handlers-cleaners,Husband,White,Male,0.0,0,30,United-States,<=50K
29,Private,265611,HS-grad,11,Never-married,Other-service,Husband,White,Male,0.0,0,35,United-States,<=50K
29,Private,155958,HS-grad,6,Married-civ-spouse,Machine-op-inspct,Own-child,White,Male,0.0,0,40,United-States,<=50K
25,Local-gov,475040,Assoc-voc,10,Never-married,Adm-clerical,Wife,White,Male,2921.0,0,40,United-States,<=50K
38,Private,305471,HS-grad,7,Separated,Transport-moving,Own-child,White,Male,1477.0,0,40,United-States,<=50K
35,Private,105053,7th-8th,7,Divorced,Adm-clerical,Own-child,White,Female,0.0,0,40,United-States,<=50K
31,State-gov,76761,HS-grad,11,Never-married,Protective-serv,Own-child,White,Male,10847.0,0,40,United-States,>50K
71,Private,184415,HS-grad,9,Never-married,Adm-clerical,Wife,White,Female,0.0,0,35,United-States,<=50K
35,Private,133455,HS-grad,10,Never-married,Adm-clerical,Own-child,Black,Female,0.0,0,40,United-States,<=50K
39,Private,263626,HS-grad,8,Separated,Protective-serv,Own-child,White,Male,4657.0,0,35,United-States,<=50K
61,Private,518670,HS-grad,11,Married-civ-spouse,Tech-support,Husband,White,Male,4259.0,0,40,United-States,>50K
64,Self-emp-inc,177582,7th-8th,9,Married-civ-spouse,Other-service,Husband,White,Male,11836.0,0,60,United-States,>50K
47,State-gov,127727,Doctorate,16,Married-civ-spouse,Adm-clerical,Husband,White,Male,13979.0,0,40,United-States,>50K
38,Local-gov,235637,HS-grad,11,Never-married,Adm-clerical,Own-child,White,Female,0.0,0,60,United-States,<=50K
19,Private,35922,HS-grad,10,Never-married,Adm-clerical,Own-child,White,Male,5982.0,0,40,United-States,<=50K
45,Private,48144,Assoc-acdm,16,Divorced,Adm-clerical,Unmarried,White,Male,19153.0,0,40,United-States,<=50K
25,Private,175112,9th,10,Married-civ-spouse,Tech-support,Wife,White,Male,9978.0,0,20,United-States,>50K
20,State-gov,201971,HS-grad,9,Married-civ-spouse,Transport-moving,Own-child,White,Female,0.0,0,40,United-States,<=50K
34,Private,48365,HS-grad,12,Never-married,Machine-op-inspct,Husband,White,Male,2544.0,0,40,United-States,<=50K
48,Private,51383,Doctorate,11,Married-civ-spouse,Transport-moving,Husband,White,Male,14286.0,0,55,United-States,>50K
21,Private,47599,HS-grad,9,Married-civ-spouse,Other-service,Husband,White,Female,0.0,0,40,United-States,<=50K
39,State-gov,195906,HS-grad,12,Divorced,Tech-support,Own-child,White,Female,8178.0,0,20,United-States,>50K
36,Private,181936,HS-grad,5,Never-married,Adm-clerical,Own-child,White,Male,0.0,0,40,United-States,<=50K
56,Private,176434,HS-grad,8,Divorced,Machine-op-inspct,Wife,White,Female,0.0,0,40,United-States,<=50K
43,Private,155307,HS-grad,9,Never-married,Other-service,Husband,White,Male,4956.0,0,40,United-States,<=50K
31,Private,89445,Assoc-voc,10,Never-married,Adm-clerical,Own-child,White,Female,5419.0,0,40,United-States,>50K
46,Private,85114,HS-grad,15,Married-civ-spouse,Transport-moving,Husband,White,Male,0.0,0,4,United-States,<=50K
24,Private,215309,HS-grad,10,Never-married,Adm-clerical,Own-child,White,Female,0.0,0,20,United-States,<=50K
50,State-gov,200146,HS-grad,6,Married-civ-spouse,Adm-clerical,Husband,White,Male,2995.0,0,60,United-States,<=50K
39,Private,183537,HS-grad,10,Never-married,Other-service,Own-child,White,Female,0.0,0,20,United-States,<=50K
17,Private,217309,Assoc-acdm,7,Never-married,Adm-clerical,Own-child,White,Female,1283.0,0,40,United-States,<=50K
66,Private,115417,HS-grad,10,Separated,Adm-clerical,Other-relative,White,Female,7338.0,0,20,United-States,>50K
27,Private,93500,11th,11,Never-married,Transport-moving,Own-child,White,Male,0.0,0,40,United-States,>50K
30,Self-emp-inc,280056,Assoc-voc,16,Never-married,Transport-moving,Own-child,White,Female,2060.0,0,40,United-States,<=50K
46,Local-gov,446184,5th-6th,7,Married-civ-spouse,Other-service,Husband,White,Male,0.0,0,35,United-States,<=50K
35,Private,175251,Assoc-acdm,11,Married-civ-spouse,Farming-fishing,Husband,White,Male,1317.0,0,40,United-States,>50K
39,Private,171496,Doctorate,14,Never-married,Handlers-cleaners,Husband,White,Male,4672.0,0,40,United-States,<=50K
25,Private,146527,7th-8th,9,Married-civ-spouse,Adm-clerical,Wife,White,Male,8138.0,0,60,United-States,>50K
19,Private,233537,11th,16,Never-married,Transport-moving,Own-child,White,Male,6885.0,0,60,United-States,<=50K
33,Private,49425,HS-grad,9,Married-civ-spouse,Machine-op-inspct,Husband,White,Male,0.0,0,40,United-States,<=50K
57,Private,106382,HS-grad,16,Divorced,Adm-clerical,Wife,White,Female,0.0,0,35,United-States,>50K
22,Private,118381,HS-grad,9,Divorced,Other-service,Own-child,White,Female,0.0,0,60,United-States,<=50K
40,Private,157362,Assoc-voc,14,Married-civ-spouse,Adm-clerical,Husband,White,Male,0.0,0,40,United-States,<=50K
59,Private,100052,HS-grad,14,Married-civ-spouse,Transport-moving,Wife,White,Male,0.0,0,30,United-States,<=50K
27,Private,274659,12th,8,Married-civ-spouse,Machine-op-inspct,Husband,White,Male,846.0,0,60,United-States,>50K
37,Private,26600,HS-grad,11,Divorced,Adm-clerical,Own-child,White,Male,0.0,0,40,United-States,<=50K
31,Local-gov,115622,HS-grad,9,Never-married,Other-service,Own-child,White,Female,0.0,0,35,United-States,<=50K
33,State-gov,179663,HS-grad,11,Divorced,Other-service,Own-child,White,Female,0.0,0,40,United-States,>50K
22,Private,198706,HS-grad,10,Never-married,Transport-moving,Own-child,White,Male,0.0,0,40,United-States,>50K
40,Private,159181,HS-grad,12,Divorced,Adm-clerical,Own-child,White,Male,15207.0,0,40,United-States,<=50K
26,Local-gov,166319,HS-grad,10,Never-married,Adm-clerical,Own-child,White,Male,0.0,0,30,United-States,<=50K
20,Private,190690,11th,9,Never-married,Handlers-cleaners,Own-child,Black,Female,0.0,0,60,United-States,<=50K
38,Local-gov,155094,HS-grad,8,Married-civ-spouse,Tech-support,Husband,White,Male,0.0,0,40,United-States,<=50K
23,Self-emp-inc,172462,9th,7,Never-married,Adm-clerical,Own-child,White,Female,9386.0,0,40,United-States,<=50K
47,Private,149552,HS-grad,7,Divorced,Protective-serv,Wife,White,Female,0.0,0,40,United-States,<=50K
47,Private,152271,HS-grad,12,Married-civ-spouse,Tech-support,Husband,White,Male,6227.0,0,40,United-States,>50K
55,Private,155599,HS-grad,10,Divorced,Other-service,Wife,White,Female,7577.0,0,40,United-States,>50K
23,Private,456000,HS-grad,9,Never-married,Transport-moving,Own-child,White,Male,5628.0,0,40,United-States,<=50K
38,Private,480257,HS-grad,7,Never-married,Adm-clerical,Wife,White,Female,7936.0,0,40,United-States,<=50K
32,Private,111418,Assoc-acdm,13,Never-married,Tech-support,Own-child,White,Female,15068.0,0,35,United-States,<=50K
64,Local-gov,238001,7th-8th,6,Married-civ-spouse,Machine-op-inspct,Husband,White,Male,0.0,0,20,United-States,>50K
46,Private,101421,Assoc-voc,9,Widowed,Adm-clerical,Wife,White,Female,4352.0,0,40,United-States,<=50K
39,Private,220431,Assoc-voc,14,Never-married,Other-service,Wife,White,Female,6554.0,0,30,United-States,<=50K
19,Private,520218,HS-grad,11,Never-married,Machine-op-inspct,Husband,White,Male,0.0,0,40,United-States,>50K
64,Self-emp-inc,156442,HS-grad,11,Divorced,Adm-clerical,Husband,White,Female,0.0,0,40,United-States,<=50K
38,Private,198270,HS-grad,10,Divorced,Adm-clerical,Own-child,White,Female,16377.0,0,35,United-States,<=50K
25,Private,265548,HS-grad,8,Never-married,Other-service,Own-child,White,Male,688.0,0,20,United-States,<=50K
40,Private,423174,9th,14,Divorced,Adm-clerical,Husband,White,Male,10658.0,0,40,United-States,<=50K
63,Private,13769,Assoc-voc,10,Never-married,Machine-op-inspct,Husband,White,Female,5248.0,0,40,United-States,<=50K
33,Private,375012,HS-grad,12,Divorced,Adm-clerical,Own-child,White,Female,0.0,0,40,United-States,<=50K
41,Private,178925,HS-grad,11,Divorced,Adm-clerical,Husband,White,Female,7058.0,0,40,United-States,<=50K
33,Private,140431,HS-grad,10,Never-married,Farming-fishing,Husband,White,Male,0.0,0,40,United-States,>50K
42,Private,184774,HS-grad,8,Never-married,Machine-op-inspct,Husband,White,Female,1925.0,0,40,United-States,<=50K
34,Private,125128,HS-grad,7,Never-married,Other-service,Own-child,White,Female,0.0,0,60,United-States,<=50K
55,Private,179018,HS-grad,10,Divorced,Machine-op-inspct,Own-child,Black,Male,0.0,0,30,United-States,<=50K
50,Private,1490400,7th-8th,11,Never-married,Transport-moving,Husband,White,Male,0.0,0,40,United-States,<=50K
25,Private,225069,10th,10,Divorced,Tech-support,Other-relative,White,Female,6810.0,0,40,United-States,>50K
19,Private,929587,11th,10,Never-married,Tech-support,Own-child,White,Female,0.0,0,35,United-States,<=50K
64,Private,164088,Assoc-voc,10,Married-civ-spouse,Other-service,Husband,White,Male,6777.0,0,40,United-States,>50K
21,Private,954317,HS-grad,7,Married-civ-spouse,Other-service,Husband,White,Male,0.0,0,40,United-States,<=50K
50,Private,309588,HS-grad,6,Divorced,Other-service,Own-child,White,Male,0.0,0,40,United-States,<=50K
83,Local-gov,190125,HS-grad,9,Married-civ-spouse,Transport-moving,Husband,White,Male,0.0,0,40,United-States,>50K
53,Private,206427,HS-grad,10,Married-civ-spouse,Priv-house-serv,Husband,White,Male,0.0,0,40,United-States,<=50K
54,Private,98582,HS-grad,10,Never-married,Adm-clerical,Own-child,White,Female,2455.0,0,40,United-States,<=50K
55,Private,164499,HS-grad,10,Never-married,Other-service,Wife,White,Female,0.0,0,40,United-States,<=50K
23,Private,140540,Assoc-voc,11,Married-civ-spouse,Other-service,Own-child,White,Male,6983.0,0,40,United-States,>50K
37,Private,248171,HS-grad,9,Never-married,Adm-clerical,Wife,White,Female,13175.0,0,40,United-States,<=50K
67,Private,22028,HS-grad,8,Divorced,Transport-moving,Husband,White,Male,0.0,0,40,United-States,<=50K
28,Private,273040,Assoc-voc,11,Never-married,Protective-serv,Own-child,White,Male,3941.0,0,48,United-States,>50K
41,Private,201306,11th,8,Married-civ-spouse,Other-service,Husband,White,Male,9898.0,0,20,United-States,<=50K
46,Self-emp-inc,350145,HS-grad,6,Divorced,Adm-clerical,Husband,White,Male,0.0,0,40,United-States,<=50K
73,Private,243537,HS-grad,7,Married-civ-spouse,Machine-op-inspct,Husband,White,Male,0.0,0,40,United-States,<=50K
19,Self-emp-inc,132269,HS-grad,10,Never-married,Adm-clerical,Own-child,White,Female,6935.0,0,20,United-States,<=50K
21,Private,182391,HS-grad,8,Never-married,Transport-moving,Own-child,White,Male,0.0,0,48,United-States,<=50K
38,Private,129948,HS-grad,8,Divorced,Other-service,Husband,White,Female,2684.0,0,40,United-States,<=50K
28,Private,104191,HS-grad,8,Divorced,Other-service,Own-child,White,Female,5350.0,0,20,United-States,<=50K
43,Private,239519,Prof-school,13,Never-married,Adm-clerical,Other-relative,White,Male,8011.0,0,30,United-States,<=50K
28,Private,210572,11th,9,Never-married,Machine-op-inspct,Own-child,White,Male,14835.0,0,40,United-States,<=50K
45,Private,161422,Assoc-voc,14,Married-civ-spouse,Tech-support,Husband,White,Male,0.0,0,32,United-States,<=50K
40,Private,139862,10th,10,Married-civ-spouse,Other-service,Own-child,White,Female,0.0,0,40,United-States,<=50K
19,Local-gov,933807,HS-grad,7,Never-married,Other-service,Own-child,White,Female,0.0,0,40,United-States,<=50K
39,Private,252195,7th-8th,6,Divorced,Tech-support,Husband,White,Male,0.0,0,40,United-States,<=50K
20,Private,92968,Assoc-voc,15,Married-civ-spouse,Machine-op-inspct,Husband,White,Male,14010.0,0,40,United-States,>50K
45,Private,179330,12th,15,Married-civ-spouse,Handlers-cleaners,Husband,White,Female,7940.0,0,40,United-States,<=50K
44,Private,211130,HS-grad,16,Divorced,Adm-clerical,Own-child,White,Male,7796.0,0,40,United-States,>50K
21,Private,199967,HS-grad,10,Never-married,Adm-clerical,Own-child,White,Female,4350.0,0,35,United-States,<=50K
34,Private,134966,HS-grad,5,Separated,Other-service,Own-child,White,Female,0.0,0,35,United-States,<=50K
29,Private,213824,11th,10,Married-civ-spouse,Tech-support,Husband,White,Male,13524.0,0,40,United-States,<=50K
49,Private,133885,Assoc-voc,10,Married-civ-spouse,Machine-op-inspct,Husband,White,Female,12092.0,0,40,United-States,<=50K
27,Private,286348,HS-grad,10,Married-civ-spouse,Handlers-cleaners,Husband,White,Male,0.0,0,35,United-States,>50K
47,Private,122704,HS-grad,11,Married-civ-spouse,Other-service,Husband,White,Male,0.0,0,40,United-States,>50K
41,Local-gov,160032,10th,9,Married-civ-spouse,Farming-fishing,Husband,White,Male,0.0,0,55,United-States,<=50K
24,Private,192334,HS-grad,10,Never-married,Farming-fishing,Husband,White,Male,1083.0,0,20,United-States,>50K
17,Private,249449,Assoc-voc,10,Never-married,Adm-clerical,Own-child,White,Male,0.0,0,40,United-States,<=50K
36,Private,256778,HS-grad,9,Married-civ-spouse,Farming-fishing,Husband,White,Male,2063.0,0,30,United-States,<=50K
38,Private,322372,Prof-school,12,Married-civ-spouse,Other-service,Husband,White,Male,0.0,0,40,United-States,<=50K
39,Private,181747,11th,7,Married-civ-spouse,Farming-fishing,Husband,White,Male,5701.0,0,40,United-States,<=50K
56,Private,118696,Prof-school,9,Divorced,Other-service,Husband,White,Female,10881.0,0,40,United-States,>50K
48,Private,160075,Assoc-acdm,11,Never-married,Adm-clerical,Husband,White,Male,0.0,0,40,United-States,<=50K
19,Private,1250325,HS-grad,8,Never-married,Adm-clerical,Own-child,White,Female,835.0,0,40,United-States,<=50K
57,Private,200557,11th,9,Married-civ-spouse,Handlers-cleaners,Husband,White,Male,0.0,0,40,United-States,>50K
42,Private,150907,Assoc-voc,16,Widowed,Adm-clerical,Own-child,White,Female,0.0,0,40,United-States,<=50K
59,State-gov,126846,HS-grad,10,Married-civ-spouse,Adm-clerical,Husband,White,Male,17927.0,0,40,United-States,>50K
48,Private,60372,Assoc-voc,11,Divorced,Other-service,Husband,White,Male,10688.0,0,40,United-States,<=50K
66,Private,197911,HS-grad,10,Married-civ-spouse,Handlers-cleaners,Husband,White,Male,2226.0,0,40,United-States,>50K
55,Private,180928,Assoc-acdm,10,Never-married,Handlers-cleaners,Other-relative,White,Male,0.0,0,30,United-States,<=50K
31,Private,637809,7th-8th,9,Never-married,Farming-fishing,Own-child,White,Male,0.0,0,30,United-States,<=50K
49,Private,309422,Assoc-voc,14,Married-civ-spouse,Machine-op-inspct,Husband,White,Male,0.0,0,40,United-States,<=50K
30,Private,283962,HS-grad,10,Never-married,Handlers-cleaners,Own-child,White,Male,0.0,0,40,United-States,<=50K
37,Private,242408,HS-grad,9,Never-married,Other-service,Own-child,White,Female,5740.0,0,40,United-States,<=50K
22,Private,268646,HS-grad,11,Never-married,Adm-clerical,Own-child,White,Male,0.0,0,35,United-States,<=50K
29,Private,372148,HS-grad,10,Never-married,Other-service,Husband,White,Male,9516.0,0,40,United-States,<=50K
29,Private,190426,HS-grad,11,Never-married,Other-service,Own-child,White,Male,10055.0,0,40,United-States,<=50K
35,Private,355320,HS-grad,6,Married-civ-spouse,Machine-op-inspct,Husband,White,Male,12059.0,0,40,United-States,>50K
26,Private,528113,HS-grad,9,Never-married,Farming-fishing,Other-relative,White,Male,4375.0,0,40,United-States,<=50K
24,State-gov,169721,HS-grad,8,Married-civ-spouse,Farming-fishing,Husband,White,Male,6191.0,0,38,United-States,<=50K
55,Private,134736,Assoc-voc,8,Married-civ-spouse,Handlers-cleaners,Husband,White,Male,0.0,0,30,United-States,<=50K
36,Self-emp-inc,210509,Assoc-voc,16,Married-civ-spouse,Other-service,Husband,Black,Male,3226.0,0,40,United-States,<=50K
24,Private,189737,HS-grad,9,Married-civ-spouse,Other-service,Husband,White,Female,1229.0,0,24,United-States,<=50K
39,Local-gov,91517,Assoc-voc,10,Divorced,Adm-clerical,Own-child,White,Female,0.0,0,40,United-States,<=50K
35,Private,128127,10th,9,Never-married,Tech-support,Own-child,White,Female,2381.0,0,40,United-States,<=50K
45,Private,79501,11th,13,Married-civ-spouse,Adm-clerical,Husband,White,Male,2334.0,0,40,United-States,>50K
63,Private,134887,Prof-school,13,Never-married,Adm-clerical,Husband,White,Female,6828.0,0,40,United-States,>50K
60,Private,1150502,HS-grad,13,Divorced,Adm-clerical,Own-child,White,Female,0.0,0,40,United-States,>50K
37,Self-emp-inc,194902,HS-grad,8,Never-married,Other-service,Own-child,White,Female,0.0,0,40,United-States,<=50K
40,Local-gov,479973,HS-grad,6,Married-civ-spouse,Machine-op-inspct,Husband,White,Male,0.0,0,40,United-States,<=50K
28,Private,652193,HS-grad,9,Married-civ-spouse,Other-service,Own-child,White,Male,0.0,0,40,United-States,<=50K
18,Private,70334,HS-grad,9,Never-married,Other-service,Own-child,White,Female,0.0,0,40,United-States,<=50K
52,State-gov,94473,10th,11,Never-married,Adm-clerical,Other-relative,White,Female,21383.0,0,38,United-States,>50K
47,Private,29151,Doctorate,14,Married-civ-spouse,Transport-moving,Husband,White,Male,0.0,0,41,United-States,>50K
41,Local-gov,118691,HS-grad,9,Married-civ-spouse,Handlers-cleaners,Husband,White,Male,7677.0,0,40,United-States,<=50K
40,Private,184496,11th,12,Married-civ-spouse,Machine-op-inspct,Husband,White,Male,0.0,0,40,United-States,<=50K
21,Private,165157,HS-grad,9,Never-married,Adm-clerical,Husband,White,Male,3357.0,0,40,United-States,<=50K
35,Local-gov,102146,HS-grad,14,Married-civ-spouse,Adm-clerical,Own-child,White,Female,7298.0,0,60,United-States,<=50K
19,Private,94050,10th,13,Married-civ-spouse,Handlers-cleaners,Husband,White,Male,0.0,0,30,United-States,<=50K
73,Local-gov,86882,7th-8th,5,Divorced,Tech-support,Husband,White,Male,9365.0,0,40,United-States,<=50K
30,Self-emp-inc,545402,10th,11,Married-civ-spouse,Handlers-cleaners,Husband,White,Male,0.0,0,40,United-States,>50K
54,Private,205931,Assoc-voc,6,Divorced,Other-service,Other-relative,White,Male,0.0,0,20,United-States,<=50K
47,Private,120295,Assoc-voc,16,Married-civ-spouse,Protective-serv,Husband,White,Male,1090.0,0,60,United-States,>50K
22,Private,234960,HS-grad,11,Never-married,Other-service,Own-child,White,Female,9708.0,0,32,United-States,<=50K
19,Private,322834,HS-grad,12,Never-married,Other-service,Own-child,White,Female,0.0,0,40,United-States,<=50K
19,Private,235921,HS-grad,10,Married-civ-spouse,Machine-op-inspct,Own-child,White,Male,0.0,0,48,United-States,<=50K
20,Private,199028,HS-grad,8,Married-civ-spouse,Other-service,Husband,White,Male,0.0,0,40,United-States,<=50K
50,Private,154884,10th,10,Married-civ-spouse,Farming-fishing,Husband,White,Male,0.0,0,35,United-States,<=50K
23,Private,180825,HS-grad,9,Married-civ-spouse,Tech-support,Husband,White,Male,0.0,0,40,United-States,<=50K
22,State-gov,199032,HS-grad,11,Never-married,Adm-clerical,Husband,White,Male,0.0,0,40,United-States,<=50K
21,Local-gov,175334,HS-grad,11,Never-married,Other-service,Other-relative,White,Female,0.0,0,40,United-States,<=50K
44,Private,131908,11th,8,Married-civ-spouse,Machine-op-inspct,Husband,White,Male,0.0,0,38,United-States,<=50K
53,State-gov,57842,Assoc-acdm,9,Married-civ-spouse,Handlers-cleaners,Husband,White,Male,0.0,0,40,United-States,<=50K
65,Private,184383,HS-grad,7,Married-civ-spouse,Machine-op-inspct,Husband,White,Male,597.0,0,32,United-States,>50K
37,Private,208342,Assoc-voc,16,Never-married,Farming-fishing,Own-child,White,Male,5178.0,0,38,United-States,>50K
21,Private,135089,11th,10,Never-married,Handlers-cleaners,Own-child,White,Male,3279.0,0,40,United-States,>50K
48,Private,153661,HS-grad,16,Married-civ-spouse,Machine-op-inspct,Husband,White,Male,7858.0,0,30,United-States,<=50K
53,Private,186408,10th,11,Divorced,Tech-support,Husband,White,Female,8921.0,0,60,United-States,<=50K
36,Private,111921,HS-grad,10,Never-married,Adm-clerical,Husband,White,Male,2006.0,0,55,United-States,<=50K
74,Private,296099,Doctorate,13,Married-civ-spouse,Other-service,Husband,White,Male,0.0,0,60,United-States,<=50K
18,Private,209335,HS-grad,7,Never-married,Other-service,Own-child,White,Female,1031.0,0,40,United-States,<=50K
43,Private,74428,10th,9,Never-married,Other-service,Husband,White,Male,8403.0,0,40,United-States,<=50K
20,Private,239451,11th,10,Married-civ-spouse,Tech-support,Husband,White,Male,6380.0,0,35,United-States,<=50K
32,State-gov,278896,HS-grad,10,Married-civ-spouse,Other-service,Husband,White,Male,7270.0,0,40,United-States,<=50K
54,Private,180300,10th,8,Divorced,Tech-support,Other-relative,White,Female,2397.0,0,40,United-States,<=50K
51,Private,201251,9th,10,Married-civ-spouse,Transport-moving,Husband,White,Male,10170.0,0,15,United-States,>50K
29,Private,125785,Assoc-acdm,12,Married-civ-spouse,Machine-op-inspct,Husband,White,Female,4643.0,0,35,United-States,<=50K
21,Private,125369,HS-grad,8,Never-married,Other-service,Own-child,White,Female,0.0,0,40,United-States,<=50K
61,Private,383537,11th,10,Married-civ-spouse,Machine-op-inspct,Husband,White,Male,7266.0,0,40,United-States,>50K
50,Private,202685,10th,10,Married-civ-spouse,Adm-clerical,Husband,White,Female,11919.0,0,40,United-States,>50K
36,Local-gov,205649,11th,7,Divorced,Transport-moving,Own-child,White,Male,0.0,0,40,United-States,<=50K
47,Private,507844,12th,11,Married-civ-spouse,Machine-op-inspct,Husband,White,Female,0.0,0,40,United-States,<=50K
45,Private,355626,HS-grad,9,Divorced,Other-service,Own-child,Black,Male,8735.0,0,40,United-States,<=50K
75,Private,60118,HS-grad,13,Married-civ-spouse,Other-service,Husband,White,Male,10717.0,0,30,United-States,<=50K
29,Private,87542,Prof-school,10,Never-married,Adm-clerical,Husband,White,Male,9729.0,0,35,United-States,<=50K
47,Private,194142,HS-grad,5,Married-civ-spouse,Machine-op-inspct,Husband,White,Male,0.0,0,55,United-States,<=50K
31,Private,89875,HS-grad,10,Never-married,Other-service,Own-child,White,Female,0.0,0,40,United-States,<=50K
28,Private,222863,HS-grad,9,Married-civ-spouse,Machine-op-inspct,Husband,White,Male,6462.0,0,40,United-States,<=50K
40,Private,218293,10th,10,Married-civ-spouse,Handlers-cleaners,Husband,White,Male,12168.0,0,55,United-States,<=50K
25,Private,207142,11th,9,Never-married,Other-service,Own-child,White,Female,0.0,0,40,United-States,<=50K
44,Private,286270,5th-6th,5,Never-married,Machine-op-inspct,Own-child,White,Male,0.0,0,40,United-States,<=50K
36,Private,55715,HS-grad,10,Married-civ-spouse,Other-service,Husband,White,Male,9035.0,0,40,United-States,<=50K
19,Private,285692,10th,10,Never-married,Adm-clerical,Own-child,White,Female,0.0,0,40,United-States,<=50K
43,Private,406945,11th,8,Married-civ-spouse,Adm-clerical,Husband,White,Male,0.0,0,24,United-States,<=50K
56,Private,106705,7th-8th,7,Divorced,Handlers-cleaners,Wife,White,Female,0.0,0,60,United-States,<=50K
42,Local-gov,124241,HS-grad,12,Never-married,Adm-clerical,Husband,White,Female,5074.0,0,40,United-States,<=50K
37,Private,133161,HS-grad,5,Divorced,Adm-clerical,Wife,White,Female,813.0,0,40,United-States,<=50K
31,Private,316355,7th-8th,9,Never-married,Handlers-cleaners,Other-relative,White,Male,6271.0,0,40,United-States,<=50K
38,Private,229232,Prof-school,11,Married-civ-spouse,Tech-support,Husband,White,Male,0.0,0,40,United-States,<=50K
54,Private,259090,HS-grad,9,Divorced,Adm-clerical,Own-child,White,Female,0.0,0,60,United-States,<=50K
21,Private,507244,11th,10,Never-married,Other-service,Own-child,White,Male,1223.0,0,20,United-States,>50K
35,Private,194604,HS-grad,12,Married-civ-spouse,Other-service,Husband,White,Male,0.0,0,40,United-States,>50K
24,Private,179751,HS-grad,12,Never-married,Adm-clerical,Own-child,White,Male,2898.0,0,40,United-States,<=50K
30,Local-gov,125249,Assoc-acdm,13,Married-civ-spouse,Machine-op-inspct,Wife,White,Male,13679.0,0,40,United-States,>50K
44,Self-emp-inc,144506,10th,11,Married-civ-spouse,Transport-moving,Husband,White,Male,9870.0,0,40,United-States,>50K
18,Private,420422,HS-grad,10,Never-married,Protective-serv,Own-child,White,Female,0.0,0,40,United-States,<=50K
19,Private,225590,HS-grad,7,Never-married,Handlers-cleaners,Own-child,White,Female,0.0,0,40,United-States,<=50K
23,Private,153683,HS-grad,9,Never-married,Other-service,Own-child,White,Male,0.0,0,60,United-States,<=50K
46,Private,213993,HS-grad,10,Never-married,Other-service,Wife,White,Female,1827.0,0,30,United-States,<=50K
20,Private,178479,Assoc-acdm,10,Married-civ-spouse,Adm-clerical,Wife,White,Male,0.0,0,48,United-States,<=50K
34,Private,238009,HS-grad,6,Never-married,Adm-clerical,Husband,White,Female,7094.0,0,40,United-States,<=50K
31,Private,663540,Assoc-voc,8,Never-married,Machine-op-inspct,Other-relative,White,Male,4190.0,0,35,United-States,<=50K
50,Private,172813,Assoc-voc,11,Married-civ-spouse,Adm-clerical,Husband,White,Male,5240.0,0,40,United-States,>50K
35,Private,54370,HS-grad,10,Divorced,Other-service,Other-relative,White,Female,8214.0,0,35,United-States,<=50K
28,Local-gov,545644,7th-8th,10,Divorced,Adm-clerical,Other-relative,Black,Female,834.0,0,40,United-States,<=50K
57,State-gov,305434,HS-grad,8,Never-married,Transport-moving,Other-relative,White,Male,0.0,0,32,United-States,<=50K
38,State-gov,201492,HS-grad,12,Never-married,Adm-clerical,Husband,White,Male,0.0,0,40,United-States,>50K
53,Self-emp-inc,146746,HS-grad,9,Never-married,Adm-clerical,Own-child,White,Male,9630.0,0,40,United-States,<=50K
75,Private,271768,HS-grad,10,Married-civ-spouse,Transport-moving,Husband,White,Female,14456.0,0,40,United-States,<=50K
35,Private,139891,HS-grad,9,Divorced,Other-service,Own-child,White,Male,0.0,0,15,United-States,<=50K
19,Private,201579,11th,11,Never-married,Other-service,Husband,White,Male,22.0,0,40,United-States,>50K
31,Private,290708,HS-grad,8,Never-married,Other-service,Wife,White,Female,15109.0,0,40,United-States,<=50K
60,Local-gov,102175,HS-grad,9,Married-civ-spouse,Transport-moving,Husband,White,Female,42.0,0,35,United-States,<=50K
39,Private,177076,HS-grad,14,Married-civ-spouse,Tech-support,Own-child,White,Male,182.0,0,40,United-States,<=50K
29,Private,94163,HS-grad,9,Never-married,Farming-fishing,Own-child,White,Male,101.0,0,20,United-States,<=50K
65,Private,107223,11th,10,Divorced,Adm-clerical,Own-child,White,Female,18324.0,0,60,United-States,>50K
33,Private,525621,HS-grad,9,Never-married,Machine-op-inspct,Husband,White,Male,0.0,0,40,United-States,<=50K
45,Private,77368,HS-grad,13,Never-married,Adm-clerical,Husband,White,Male,10675.0,0,40,United-States,<=50K
41,Private,66529,HS-grad,8,Married-civ-spouse,Machine-op-inspct,Husband,White,Male,0.0,0,40,United-States,>50K
49,Private,169228,HS-grad,10,Married-civ-spouse,Adm-clerical,Wife,White,Female,0.0,0,8,United-States,<=50K
54,Private,72954,HS-grad,8,Divorced,Protective-serv,Husband,White,Female,2090.0,0,40,United-States,<=50K
66,State-gov,157000,HS-grad,10,Married-civ-spouse,Adm-clerical,Wife,White,Female,0.0,0,40,United-States,<=50K
72,Local-gov,418049,HS-grad,16,Married-civ-spouse,Handlers-cleaners,Husband,White,Male,20262.0,0,60,United-States,>50K
44,Private,240836,Assoc-acdm,14,Divorced,Adm-clerical,Husband,White,Female,10188.0,0,40,United-States,<=50K
35,Private,1154418,HS-grad,7,Never-married,Other-service,Wife,White,Female,1513.0,0,40,United-States,<=50K
56,State-gov,266656,Prof-school,16,Divorced,Protective-serv,Husband,White,Male,0.0,0,40,United-States,>50K
24,Private,119412,HS-grad,12,Never-married,Transport-moving,Own-child,White,Male,5215.0,0,40,United-States,>50K
34,Private,154343,HS-grad,10,Never-married,Other-service,Husband,White,Male,726.0,0,40,United-States,<=50K
76,Local-gov,195442,11th,10,Married-civ-spouse,Farming-fishing,Wife,White,Female,0.0,0,15,United-States,>50K
52,Private,116371,HS-grad,5,Divorced,Machine-op-inspct,Husband,White,Male,13440.0,0,40,United-States,<=50K
50,Private,69687,HS-grad,6,Divorced,Farming-fishing,Wife,White,Female,1476.0,0,40,United-States,<=50K
21,Self-emp-inc,175291,Prof-school,12,Married-civ-spouse,Other-service,Wife,White,Male,0.0,0,40,United-States,<=50K
44,Private,312041,HS-grad,6,Married-civ-spouse,Machine-op-inspct,Husband,White,Male,0.0,0,40,United-States,<=50K
45,Private,92589,11th,10,Divorced,Adm-clerical,Husband,White,Female,0.0,0,40,United-States,<=50K
22,Private,115973,Prof-school,12,Never-married,Other-service,Own-child,White,Female,9845.0,0,40,United-States,<=50K
56,Local-gov,94374,HS-grad,10,Never-married,Machine-op-inspct,Own-child,White,Female,5068.0,0,40,United-States,<=50K
44,Private,266766,11th,13,Married-civ-spouse,Machine-op-inspct,Husband,White,Male,0.0,0,40,United-States,<=50K
39,Private,100184,HS-grad,9,Married-civ-spouse,Other-service,Husband,White,Male,2427.0,0,40,United-States,<=50K
22,Private,95437,HS-grad,16,Never-married,Machine-op-inspct,Husband,White,Male,0.0,0,35,United-States,<=50K
25,Private,191630,Assoc-acdm,11,Never-married,Transport-moving,Husband,Black,Male,5157.0,0,60,United-States,<=50K
28,Private,136744,HS-grad,10,Married-civ-spouse,Adm-clerical,Own-child,White,Male,12636.0,0,40,United-States,>50K
39,Private,190054,Prof-school,9,Never-married,Other-service,Wife,White,Female,0.0,0,40,United-States,<=50K
85,Private,83356,HS-grad,11,Married-civ-spouse,Adm-clerical,Husband,White,Male,10980.0,0,40,United-States,<=50K
22,Private,173457,9th,16,Married-civ-spouse,Protective-serv,Husband,White,Male,0.0,0,55,United-States,<=50K
18,Private,218806,Assoc-voc,10,Never-married,Adm-clerical,Own-child,White,Male,0.0,0,40,United-States,<=50K
32,Private,190635,Doctorate,11,Never-married,Adm-clerical,Husband,Black,Female,0.0,0,40,United-States,>50K
37,Self-emp-inc,179400,7th-8th,9,Divorced,Tech-support,Husband,White,Male,3064.0,0,55,United-States,<=50K
47,Local-gov,266420,HS-grad,6,Married-civ-spouse,Protective-serv,Husband,White,Male,11004.0,0,60,United-States,>50K
51,Private,203498,HS-grad,14,Married-civ-spouse,Other-service,Husband,White,Male,0.0,0,40,United-States,<=50K
42,Private,186804,Assoc-voc,11,Married-civ-spouse,Tech-support,Husband,White,Male,3960.0,0,40,United-States,>50K
39,Private,71447,HS-grad,10,Divorced,Machine-op-inspct,Wife,White,Male,5135.0,0,55,United-States,<=50K
35,Private,166295,HS-grad,11,Married-civ-spouse,Farming-fishing,Husband,White,Male,8634.0,0,10,United-States,>50K
30,Private,129337,Prof-school,13,Married-civ-spouse,Other-service,Wife,White,Female,5422.0,0,40,United-States,>50K
35,Private,136495,Assoc-acdm,9,Married-civ-spouse,Protective-serv,Husband,White,Male,2176.0,0,41,United-States,>50K
61,Private,75380,HS-grad,9,Married-civ-spouse,Adm-clerical,Husband,White,Male,0.0,0,40,United-States,<=50K
27,Private,158355,11th,10,Never-married,Tech-support,Own-child,White,Female,3466.0,0,40,United-States,<=50K
19,Private,294871,11th,11,Never-married,Machine-op-inspct,Wife,White,Female,5785.0,0,55,United-States,<=50K
23,Private,13769,Assoc-voc,5,Married-civ-spouse,Farming-fishing,Husband,White,Male,5063.0,0,40,United-States,<=50K
28,Private,219674,9th,14,Married-civ-spouse,Transport-moving,Husband,White,Male,0.0,0,40,United-States,>50K
56,Private,260304,HS-grad,10,Never-married,Other-service,Own-child,White,Female,0.0,0,60,United-States,<=50K
61,Private,178533,Prof-school,10,Never-married,Adm-clerical,Husband,White,Male,16784.0,0,40,United-States,<=50K
26,Private,213052,Assoc-voc,11,Never-married,Tech-support,Own-child,Black,Male,4287.0,0,40,United-States,>50K
33,Private,243556,Assoc-voc,10,Never-married,Adm-clerical,Own-child,White,Female,10364.0,0,40,United-States,<=50K
31,Private,69325,HS-grad,10,Never-married,Other-service,Own-child,White,Male,4524.0,0,40,United-States,<=50K
44,Local-gov,175374,HS-grad,16,Divorced,Adm-clerical,Husband,White,Female,15313.0,0,48,United-States,<=50K
24,Private,433398,HS-grad,12,Never-married,Other-service,Husband,White,Male,2867.0,0,20,United-States,>50K
45,Local-gov,181072,11th,9,Never-married,Machine-op-inspct,Own-child,White,Male,8088.0,0,40,United-States,<=50K
18,Private,88616,12th,11,Married-civ-spouse,Farming-fishing,Husband,White,Male,1848.0,0,40,United-States,<=50K
28,Local-gov,459166,HS-grad,12,Married-civ-spouse,Transport-moving,Husband,White,Male,7203.0,0,60,United-States,<=50K
23,Private,540371,Doctorate,9,Never-married,Tech-support,Husband,White,Male,13056.0,0,20,United-States,>50K
40,State-gov,175041,11th,16,Married-civ-spouse,Protective-serv,Own-child,White,Male,9339.0,0,40,United-States,>50K
37,Private,214866,9th,9,Married-civ-spouse,Adm-clerical,Husband,Black,Female,0.0,0,40,United-States,<=50K
37,Private,142522,11th,12,Married-civ-spouse,Transport-moving,Husband,White,Male,9804.0,0,40,United-States,<=50K
23,Private,169467,Prof-school,16,Married-civ-spouse,Other-service,Husband,White,Male,17783.0,0,48,United-States,>50K
38,Private,185467,Assoc-acdm,13,Married-civ-spouse,Adm-clerical,Husband,White,Male,6556.0,0,48,United-States,<=50K
36,Private,183735,10th,7,Divorced,Machine-op-inspct,Other-relative,White,Male,0.0,0,40,United-States,<=50K
40,Private,138310,Assoc-voc,15,Divorced,Adm-clerical,Husband,White,Female,0.0,0,30,United-States,<=50K
21,Private,160443,HS-grad,9,Never-married,Transport-moving,Own-child,White,Male,528.0,0,40,United-States,<=50K
38,Private,346948,10th,11,Never-married,Other-service,Husband,White,Male,0.0,0,38,United-States,<=50K
26,Private,1181994,HS-grad,5,Never-married,Transport-moving,Other-relative,White,Male,3442.0,0,40,United-States,<=50K
62,Private,184638,9th,11,Married-civ-spouse,Adm-clerical,Husband,White,Male,6719.0,0,38,United-States,>50K
61,Private,108241,HS-grad,9,Married-civ-spouse,Farming-fishing,Husband,White,Male,3147.0,0,40,United-States,<=50K
20,Private,289795,HS-grad,9,Married-civ-spouse,Priv-house-serv,Husband,White,Male,7007.0,0,48,United-States,>50K
19,Private,105888,10th,10,Never-married,Adm-clerical,Own-child,White,Male,5517.0,0,40,United-States,>50K
45,Local-gov,1019085,HS-grad,9,Divorced,Adm-clerical,Own-child,White,Male,6237.0,0,48,United-States,<=50K
52,Self-emp-inc,196321,HS-grad,10,Divorced,Handlers-cleaners,Other-relative,White,Female,2207.0,0,40,United-States,>50K
23,Private,173132,Assoc-voc,9,Never-married,Machine-op-inspct,Own-child,White,Female,5385.0,0,40,United-States,<=50K
56,State-gov,143046,HS-grad,11,Never-married,Farming-fishing,Husband,White,Male,728.0,0,15,United-States,>50K
28,Private,207890,5th-6th,9,Married-civ-spouse,Other-service,Husband,White,Male,0.0,0,40,United-States,<=50K
47,Private,187440,HS-grad,10,Married-civ-spouse,Adm-clerical,Wife,White,Female,6528.0,0,35,United-States,<=50K
24,Local-gov,101448,10th,9,Never-married,Adm-clerical,Own-child,White,Male,1878.0,0,60,United-States,<=50K
36,Private,125731,HS-grad,9,Never-married,Transport-moving,Wife,White,Male,0.0,0,40,United-States,<=50K
57,Private,16843,7th-8th,9,Married-civ-spouse,Other-service,Wife,White,Male,2188.0,0,40,United-States,<=50K
58,Private,213837,HS-grad,9,Married-civ-spouse,Machine-op-inspct,Husband,White,Male,2381.0,0,40,United-States,<=50K
44,Private,419330,Assoc-acdm,10,Never-married,Handlers-cleaners,Husband,White,Male,0.0,0,40,United-States,<=50K
34,State-gov,128626,Assoc-voc,8,Divorced,Tech-support,Own-child,White,Female,0.0,0,40,United-States,<=50K
39,Private,157395,HS-grad,11,Divorced,Adm-clerical,Own-child,White,Male,0.0,0,30,United-States,<=50K
20,Private,234602,Prof-school,15,Never-married,Machine-op-inspct,Own-child,White,Female,0.0,0,40,United-States,<=50K
22,Private,126834,9th,12,Never-married,Adm-clerical,Husband,White,Male,1490.0,0,40,United-States,>50K
35,Local-gov,201029,Assoc-voc,11,Married-civ-spouse,Adm-clerical,Husband,White,Male,0.0,0,40,United-States,<=50K
40,Self-emp-inc,268566,Assoc-voc,9,Divorced,Adm-clerical,Wife,White,Female,4137.0,0,40,United-States,<=50K
32,Private,27696,HS-grad,10,Never-married,Handlers-cleaners,Husband,White,Male,17733.0,0,40,United-States,>50K
37,Private,193882,HS-grad,11,Married-civ-spouse,Farming-fishing,Husband,Black,Male,12261.0,0,40,United-States,>50K
24,Private,281688,HS-grad,13,Never-married,Other-service,Own-child,White,Male,0.0,0,40,United-States,<=50K
51,Private,123597,HS-grad,7,Widowed,Other-service,Other-relative,White,Female,0.0,0,40,United-States,<=50K
28,Private,135669,11th,16,Married-civ-spouse,Protective-serv,Husband,White,Female,0.0,0,40,United-States,>50K
40,Private,195650,HS-grad,9,Married-civ-spouse,Adm-clerical,Wife,White,Male,0.0,0,40,United-States,<=50K
68,State-gov,812187,HS-grad,12,Never-married,Transport-moving,Husband,White,Male,4601.0,0,40,United-States,<=50K
26,Private,198468,HS-grad,8,Married-civ-spouse,Adm-clerical,Husband,White,Male,98.0,0,40,United-States,<=50K
54,Private,88850,HS-grad,11,Married-civ-spouse,Adm-clerical,Husband,White,Male,4282.0,0,40,United-States,<=50K
24,Local-gov,892767,Assoc-acdm,14,Married-spouse-absent,Adm-clerical,Own-child,White,Female,0.0,0,30,United-States,<=50K
28,Private,242235,HS-grad,8,Never-married,Transport-moving,Own-child,White,Female,2409.0,0,30,United-States,<=50K
21,Private,192125,HS-grad,12,Never-married,Adm-clerical,Own-child,White,Female,0.0,0,40,United-States,<=50K
23,Private,403579,HS-grad,10,Never-married,Transport-moving,Own-child,White,Male,0.0,0,40,United-States,<=50K
19,Private,125163,12th,11,Never-married,Machine-op-inspct,Own-child,White,Female,2519.0,0,40,United-States,<=50K
24,Private,173402,HS-grad,13,Married-civ-spouse,Transport-moving,Husband,White,Male,0.0,0,60,United-States,>50K
36,Local-gov,152402,HS-grad,10,Never-married,Adm-clerical,Own-child,White,Male,0.0,0,35,United-States,<=50K
40,Private,176760,Assoc-voc,13,Married-civ-spouse,Handlers-cleaners,Husband,Black,Male,7208.0,0,40,United-States,>50K
27,Private,233918,HS-grad,10,Never-married,Adm-clerical,Own-child,White,Female,5178.0,0,35,United-States,<=50K
50,Private,194620,HS-grad,9,Married-civ-spouse,Other-service,Husband,White,Male,0.0,0,40,United-States,<=50K
37,Private,224627,HS-grad,6,Never-married,Adm-clerical,Own-child,White,Male,0.0,0,60,United-States,<=50K
38,Private,168897,Assoc-voc,8,Divorced,Tech-support,Own-child,White,Female,0.0,0,40,United-States,<=50K
35,Private,161155,12th,14,Never-married,Adm-clerical,Husband,White,Male,0.0,0,20,United-States,>50K
35,Local-gov,186587,Assoc-voc,13,Divorced,Other-service,Wife,White,Male,0.0,0,40,United-States,<=50K
44,Private,93074,HS-grad,9,Never-married,Machine-op-inspct,Own-child,White,Female,9593.0,0,40,United-States,<=50K
47,Local-gov,184842,Assoc-voc,14,Married-civ-spouse,Protective-serv,Husband,White,Male,0.0,0,40,United-States,<=50K
31,Private,166285,HS-grad,11,Married-civ-spouse,Other-service,Husband,White,Male,4954.0,0,40,United-States,>50K
25,Local-gov,150521,Assoc-voc,11,Never-married,Machine-op-inspct,Husband,White,Male,8968.0,0,40,United-States,<=50K
30,Private,212949,HS-grad,9,Married-civ-spouse,Machine-op-inspct,Husband,White,Male,0.0,0,40,United-States,<=50K
18,Self-emp-inc,217029,Assoc-acdm,11,Divorced,Machine-op-inspct,Own-child,White,Male,9074.0,0,40,United-States,>50K
43,Private,135553,HS-grad,15,Married-civ-spouse,Adm-clerical,Husband,White,Male,0.0,0,40,United-States,<=50K
45,Private,260509,10th,9,Married-civ-spouse,Transport-moving,Husband,White,Male,23.0,0,40,United-States,<=50K
63,State-gov,163567,Assoc-acdm,9,Married-civ-spouse,Other-service,Husband,White,Male,9484.0,0,35,United-States,<=50K
48,Private,369035,HS-grad,9,Divorced,Handlers-cleaners,Own-child,White,Male,0.0,0,40,United-States,>50K
39,Private,288801,HS-grad,9,Divorced,Other-service,Other-relative,White,Female,4266.0,0,40,United-States,>50K
32,Private,201630,HS-grad,9,Married-civ-spouse,Machine-op-inspct,Husband,White,Male,1922.0,0,30,United-States,<=50K
42,Private,127592,Assoc-voc,8,Married-civ-spouse,Handlers-cleaners,Husband,White,Female,5492.0,0,40,United-States,<=50K
30,Private,164699,HS-grad,16,Never-married,Other-service,Own-child,White,Female,0.0,0,30,United-States,<=50K
33,Private,160443,Assoc-acdm,9,Never-married,Other-service,Husband,White,Male,3374.0,0,40,United-States,<=50K
28,Private,253749,HS-grad,9,Never-married,Adm-clerical,Own-child,White,Female,0.0,0,40,United-States,>50K
27,Private,81185,HS-grad,16,Married-civ-spouse,Adm-clerical,Husband,White,Male,0.0,0,40,United-States,>50K
30,Private,166242,HS-grad,11,Married-civ-spouse,Transport-moving,Husband,White,Male,8479.0,0,20,United-States,<=50K
29,Private,215297,HS-grad,8,Married-civ-spouse,Adm-clerical,Husband,White,Male,0.0,0,40,United-States,>50K
41,Local-gov,198658,11th,8,Married-civ-spouse,Machine-op-inspct,Husband,White,Male,644.0,0,60,United-States,<=50K
39,Private,198407,HS-grad,8,Married-civ-spouse,Other-service,Husband,White,Male,0.0,0,60,United-States,>50K
34,Self-emp-inc,133544,HS-grad,8,Married-civ-spouse,Tech-support,Husband,White,Male,2526.0,0,40,United-States,<=50K
36,Private,352429,HS-grad,9,Never-married,Machine-op-inspct,Own-child,White,Female,5868.0,0,30,United-States,<=50K
30,Private,161616,HS-grad,9,Never-married,Other-service,Own-child,White,Male,2637.0,0,40,United-States,>50K
34,Private,94410,HS-grad,15,Separated,Transport-moving,Husband,White,Male,0.0,0,40,United-States,>50K
39,Local-gov,286309,HS-grad,11,Never-married,Protective-serv,Own-child,White,Male,0.0,0,40,United-States,<=50K
54,Private,229138,Assoc-voc,9,Divorced,Handlers-cleaners,Wife,Black,Female,13049.0,0,40,United-States,<=50K
69,Private,166483,HS-grad,10,Married-civ-spouse,Adm-clerical,Husband,White,Male,266.0,0,40,United-States,>50K
26,Private,225197,9th,10,Married-civ-spouse,Transport-moving,Husband,White,Male,0.0,0,32,United-States,<=50K
61,Private,281618,HS-grad,11,Never-married,Machine-op-inspct,,White,Female,0.0,0,40,United-States,<=50K
26,Self-emp-inc,94820,11th,11,Married-civ-spouse,Machine-op-inspct,Husband,White,Male,7407.0,0,40,United-States,<=50K
32,Private,312411,HS-grad,8,Married-civ-spouse,Adm-clerical,Husband,White,Male,0.0,0,40,United-States,<=50K
55,Local-gov,199410,HS-grad,10,Divorced,Adm-clerical,Husband,White,Male,0.0,0,30,United-States,<=50K
45,Private,1280520,Assoc-voc,15,Married-civ-spouse,Adm-clerical,Husband,White,Male,9170.0,0,40,United-States,>50K
44,Private,99560,11th,9,Married-civ-spouse,Adm-clerical,Husband,White,Male,0.0,0,40,United-States,>50K
19,Private,146436,HS-grad,11,Never-married,Adm-clerical,Own-child,White,Male,0.0,0,40,United-States,<=50K
58,Private,302838,HS-grad,10,Divorced,Adm-clerical,Wife,White,Female,245.0,0,40,United-States,>50K
28,Private,310187,HS-grad,11,Married-civ-spouse,Handlers-cleaners,Husband,White,Male,0.0,0,40,United-States,<=50K
39,Private,147627,HS-grad,10,Married-civ-spouse,Machine-op-inspct,Husband,White,Male,11670.0,0,48,United-States,<=50K
32,Private,194918,11th,7,Married-civ-spouse,Protective-serv,Husband,White,Female,3682.0,0,40,United-States,>50K
26,Private,93765,HS-grad,3,Married-civ-spouse,Handlers-cleaners,Husband,White,Female,0.0,0,40,United-States,<=50K
41,Local-gov,135447,HS-grad,12,Married-civ-spouse,Transport-moving,Husband,White,Male,0.0,0,40,United-States,>50K
39,Private,113769,Prof-school,15,Never-married,Other-service,Own-child,Black,Female,2322.0,0,60,United-States,<=50K
34,Private,108946,11th,9,Married-civ-spouse,Machine-op-inspct,Husband,White,Male,0.0,0,40,United-States,<=50K
25,Private,117265,HS-grad,9,Never-married,Other-service,Own-child,White,Male,0.0,0,4,United-States,<=50K
55,Private,198005,HS-grad,12,Married-civ-spouse,Other-service,Husband,White,Male,0.0,0,40,United-States,>50K
26,Local-gov,28758,HS-grad,11,Married-civ-spouse,Machine-op-inspct,Husband,White,Female,0.0,0,40,United-States,<=50K
44,Private,279669,HS-grad,9,Married-civ-spouse,Other-service,Husband,White,Female,0.0,0,40,United-States,<=50K
25,Self-emp-inc,72266,11th,9,Never-married,Machine-op-inspct,Husband,White,Male,9171.0,0,40,United-States,<=50K
25,Private,155125,HS-grad,11,Never-married,Adm-clerical,Own-child,White,Female,0.0,0,30,United-States,<=50K
22,Private,418749,Assoc-voc,10,Never-married,Machine-op-inspct,Own-child,White,Female,0.0,0,40,United-States,<=50K
53,Local-gov,216958,7th-8th,8,Never-married,Farming-fishing,Other-relative,White,Male,3200.0,0,40,United-States,<=50K
40,Private,114138,HS-grad,10,Married-civ-spouse,Adm-clerical,Husband,White,Male,0.0,0,60,United-States,<=50K
47,Private,248043,HS-grad,11,Never-married,Other-service,Own-child,White,Female,0.0,0,40,United-States,<=50K
